Date,Energy (kcal),Alcohol (g),Caffeine (mg),Oxalate (mg),Phytate (mg),Water (g),B1 (Thiamine) (mg),B2 (Riboflavin) (mg),B3 (Niacin) (mg),B5 (Pantothenic Acid) (mg),B6 (Pyridoxine) (mg),B12 (Cobalamin) (µg),Folate (µg),Vitamin C (mg),Vitamin D (IU),Vitamin E (mg),Vitamin K (µg),Calcium (mg),Copper (mg),Iron (mg),Magnesium (mg),Manganese (mg),Phosphorus (mg),Potassium (mg),Selenium (µg),Sodium (mg),Zinc (mg),Net Carbs (g),Carbs (g),Fiber (g),Insoluble Fiber (g),Soluble Fiber (g),Starch (g),Sugars (g),Fat (g),Cholesterol (mg),Monounsaturated (g),Polyunsaturated (g),Saturated (g),Trans-Fats (g),Omega-3 (g),ALA (g),DHA (g),EPA (g),Omega-6 (g),AA (g),LA (g),Cystine (g),Histidine (g),Isoleucine (g),Leucine (g),Lysine (g),Methionine (g),Phenylalanine (g),Protein (g),Threonine (g),Tryptophan (g),Tyrosine (g),Valine (g),Completed
2026-03-15,2883.93,0,0,61.65,43.44,711.7,2.14,1.29,33.6,6.98,3.48,1.2,579.56,38.58,48.6,6.8,31.12,1838.82,1.76,16.58,384.88,3.78,1225.06,4135.45,101.75,1967.05,8.33,222.91,252.38,29.16,5.56,1.89,80.82,70.82,91.37,219,17.25,4.37,30.98,0.05,0.28,0.42,0.01,0.01,3.14,0.04,2.94,2.59,4.5,8.67,12.72,14.34,3.59,6.49,268.29,8.89,2.24,3.92,8.93,false
2026-03-16,2378.82,0,0,124.68,246.51,1407.63,1.21,1.65,50.16,11.86,5.01,1.64,396.68,226.27,53.44,9.7,149.96,1583.57,0.86,6.32,278.25,1.74,1479.69,4200.44,119.51,1541.36,6.18,145.36,169.47,20.65,15.07,5.08,33.09,105.22,75.66,357.33,27.87,8.37,26.38,0.39,0.65,0.58,0.02,0.02,7.3,0.06,7.21,2.66,5.34,9.56,14.07,17.05,4.23,6.75,261.15,9.6,2.48,4.74,9.92,false
2026-03-17,1914.46,0,0,137.53,233.09,1160,0.83,1.69,42.51,9.61,4.32,1.85,271.61,191.69,53.12,7.96,148.67,1970.75,1.2,6.21,313.63,2.57,1652.38,3696.41,101.16,1416.16,6.79,82.27,101.12,17.93,12.65,4.73,6.83,71.38,63.28,314.57,18.27,11.17,22.24,0.43,0.64,0.58,0.02,0.01,9.75,0.05,9.67,1.94,4.88,8.02,12.49,13.92,3.5,6.32,241.32,7.63,2.03,4.94,8.53,false
2026-03-18,2369.82,0,0,173.39,567.44,1546.69,1.04,2.18,46.32,10.78,5.21,2.03,415.52,553.59,57.57,12.43,170.18,2184.27,1.55,8.81,417.98,3.44,1990.74,4583.09,104.72,1649.79,9.12,139.12,176.51,32.25,23.6,8.12,28.59,100.12,77.64,348.27,21.63,12.77,29.52,0.87,0.8,0.74,0.02,0.01,11.02,0.06,10.93,2.11,5.28,8.54,13.72,14.67,3.76,6.98,254.83,8.12,2.17,5.46,9.24,false
2026-03-19,3831.63,33.4,0,169.18,595.75,1284.36,1.48,1.76,36.62,7.09,3.56,1.76,266.77,118.73,40.4,13.85,211.91,1344.68,2.03,9.78,331.13,3.58,1480.99,3971.1,102.15,4728.46,8.57,300.38,329.32,26.65,16.53,9.57,74.72,124.84,168.66,280.8,29.74,36.13,57.73,1.36,3.7,3.61,0.03,0.02,31.35,0.13,31.2,1.9,3.98,7.28,11.06,11.34,3.08,5.79,209.14,6.86,1.84,4.39,7.6,false
2026-03-23,3056.74,0,131.08,275.05,873.13,2076.55,1.39,2.51,34.52,7.36,4.23,3.47,473.72,562.73,140.04,20.98,105.1,2371.05,2.91,12.27,575.69,5.42,2597.48,5133.82,77.7,2201.2,15.41,264.98,312.86,41.2,29.13,10.4,88.65,152.16,102.19,690.18,25.2,24.7,41.02,1.65,1.28,1.07,0.08,0.08,21.98,0.05,21.73,2.04,4.07,7.07,11.66,11.29,3,6.1,242.59,6.91,1.8,4.64,7.92,false
2026-03-24,3116.82,9.18,131.08,325.56,690.5,2162.25,1.54,2.4,37.82,9.66,5.15,3.27,421.23,551.98,134.72,25.14,160.26,2118.95,3.39,10.2,575.18,4.51,2523.19,6566.73,77.58,4017.31,14.52,258.26,300.35,39.49,23.52,13.29,124.51,109.63,119.93,635.41,25.26,29.05,49.4,0.96,1.74,1.55,0.08,0.08,25.76,0.03,25.51,1.29,3.44,5.14,8.92,8.53,2.29,5.05,215.7,4.75,1.36,4.29,6.08,false
2026-03-25,3057.94,35.14,16.73,245.19,441.87,1916.37,1.2,1.5,21.49,6.27,3.29,3.15,294.25,463.34,167.77,21.25,59.69,1592.58,3.69,9.71,448.29,3.32,2148.61,5153.28,46.9,2045.12,15.43,270.3,304.75,29.75,17.05,9.29,134.26,111.97,98.13,956.2,24.96,24.06,36.71,3.09,1.34,0.63,0.16,0.15,21.1,0.02,19.98,0.57,0.83,1.53,2.67,1.96,0.67,1.62,197.98,1.66,0.45,1.17,1.94,false
2026-03-26,3103.13,0,11.15,99.81,409.67,1213.69,0.83,1.72,20.8,4.8,2.53,3.79,257,395.67,94.71,9.29,188.8,1123.75,1.17,6.96,231.85,2.61,960.13,2599.99,77.67,3369.19,9.77,304.43,340.06,33.76,13.95,5.94,65.65,103.87,107.1,229.66,6.83,9.32,30.23,0.31,0.59,0.53,0.01,0.02,8.34,0.15,7.93,0.72,1.79,2.29,4.96,5.05,1.64,2.55,214.52,2.63,0.78,2.08,2.74,false
2026-03-27,3159.11,0,14.65,125.39,756.1,1290.24,1.37,2.63,35.54,7.77,3.29,8.88,225.16,55.47,178.18,10.07,207.12,2146.35,1.93,12.93,404.98,5.97,2330.01,3137,180.53,1928.13,22.71,317.04,351.14,32.52,20.23,7.58,154.8,136.88,107.54,576.36,25.58,20.79,52.23,1.35,1.4,1.28,0.02,0.04,18.65,0.3,17.84,1.81,4.6,5.89,12.59,12.62,4.04,6.53,208.17,5.97,1.89,5.71,7.31,false
2026-03-28,3461.36,28.44,11.2,105.61,386.79,1280.22,1.09,2.38,49.17,9.02,3.6,4.26,354.52,265.17,65.88,10.16,247.08,661.24,2.08,10.15,315.38,3.58,1495.06,3554.34,155.49,2414.87,13.76,318.88,345.12,24.85,15.05,2.62,106.85,108.89,141.3,362.2,25.46,15.27,71.19,0.65,0.7,0.53,0.06,0.04,13.99,0.28,13.27,1.55,3.68,5.43,9.52,9.9,3.24,5.17,165.18,5.15,1.53,4.16,6.08,false
2026-03-29,4113.51,0,8.4,83.86,255.62,1673.95,2.24,2.73,22.95,7.26,3.02,5.51,765.08,219.41,171.18,17.7,1062.84,1032.33,1.94,13.21,435.39,5.18,1517.21,4095.76,142.91,4917,14.83,369.97,401.88,31.18,15.54,3.51,64.32,207.9,171.68,798.87,37.64,24,65.15,0.69,1.05,0.77,0.06,0.03,12.72,0.36,12.09,1.32,2.76,4.09,7.95,7.83,2.6,4.65,253.14,4.33,1.38,3.88,5,false
2026-03-30,3586.06,6.98,9.61,70.81,832.79,1222.16,1.57,2.08,38.27,8.35,2.81,1.92,376.07,143.95,105.27,10.36,179.18,1292.29,2.14,16.25,432.15,10.76,1443.26,3565.6,109.37,3635.35,12.41,398.82,451.47,51.02,24.08,4.12,107.63,143.55,114.55,155.38,16.4,12.32,39.61,0.27,1.25,1.14,0.05,0.02,10.82,0.14,10.5,1.24,2.36,3.78,6.15,5.78,1.94,3.36,201.21,3.22,0.95,2.6,4.22,false
2026-03-31,3005.32,1.72,4,70.72,1008.04,1278.21,1.47,2.97,35.85,9.99,3.02,4.16,679.57,161.5,285.82,13.92,835.79,1494.7,1.92,17.52,570.77,6.95,2088.18,4201.96,168.81,3772.34,14.52,226.28,265.59,38.19,20.03,6.02,115.02,75.9,130.72,768.81,27.44,10.44,54.02,1.12,1.16,0.8,0.1,0.03,8.81,0.37,8.24,1.92,3.32,5.7,9.39,8.85,2.92,5.47,198.65,4.99,1.54,4.46,6.56,false
2026-04-01,3214.32,24.03,125.5,353.35,1189.59,2171.43,1.58,3.62,63.53,15.43,4.45,4.67,709.41,177.75,249.74,13.34,848.14,1825.32,2.84,18.8,679.03,12.56,2508.43,6408.03,214.68,1964.96,17.51,252.77,312.05,52.86,35.15,10.18,123.66,112.22,103,879.54,28.53,11.67,42.34,0.75,1.27,0.83,0.15,0.04,9.58,0.49,8.9,2.52,5.16,8.85,14,13.87,4.57,7.95,230.57,7.7,2.28,6.51,9.83,false
2026-04-02,3103.1,1.72,11.15,377.71,959.55,1503.09,1.39,2.33,46.12,11.01,3.67,4.39,291,218.22,103.93,9.99,264.33,1231.76,2.61,13.54,395.19,10.98,1739.38,5078.14,154.89,2103.92,15.55,332.22,375.83,41.92,27.14,8.84,115.32,141.75,96.88,371.32,14.27,13.41,45.36,0.47,0.94,0.78,0.06,0.04,11.74,0.28,11.2,1.68,3.73,5.5,9.7,10.06,3.32,5.3,193.81,5.3,1.61,4.18,6.17,false
2026-04-03,2749.13,1.72,5.58,778.11,1346.74,1285.22,1.66,2.35,65.45,8.48,3.48,27.52,496.92,68.49,1008.24,5.44,79.13,1040.53,4.05,18.76,689.69,11.83,2248.99,5726.06,224.71,964.59,15.03,176.63,216.79,38.72,26.69,11.63,65.44,100.56,131.18,329.83,59.49,24.98,31.8,0.23,11.11,0.51,0.05,0.02,12.91,0.14,11.87,1.43,2.52,4.36,6.81,6.42,2.15,4.02,191.31,3.75,1.21,2.89,4.91,false
2026-04-04,2562.01,0,0,274.29,279.37,1669.33,2.2,10.06,81.1,29.78,5.3,89.91,2626.1,269.43,1164,16.67,140.21,1451.3,3.18,56.33,491.2,4.33,3735.2,5808.8,512.97,4646.8,27.17,75.2,100.42,24.5,15,9.65,21.58,51.96,143.49,3067.5,51.25,24.26,53.87,1.3,11.41,0.82,0.08,0.01,8.51,2.05,5.51,2.62,4.99,7.89,14.32,13.12,4.2,8.26,221.99,6.79,1.91,6.84,9.84,false
2026-04-05,2822.44,0,0,2405.88,315.52,910.25,2.89,2.44,14.05,5.9,2.2,3.98,964.57,103.63,160.5,18.22,1027.46,1983.95,2.41,24.86,715.13,8.37,2218.99,5106.72,199.93,2739.24,18.12,241.02,289.49,46.67,18.48,6.06,120.67,46.57,124.08,730.5,46.04,11.71,38.59,1.06,1.69,1.83,0.06,0.01,8.73,0.23,7.89,1.81,3.59,5.65,10.21,8.5,2.57,6.35,147.74,4.84,1.59,4.65,6.96,false
2026-04-06,4627.81,0,0,3073.18,1564.04,1270.38,3.14,3.34,61.32,7.65,4.13,32.63,568.45,118.11,1080.77,15.61,1200.32,1763.78,7.23,36.5,1246.06,9.77,3766.82,7059.88,240.2,4563.3,30.89,290.34,353.1,48.76,22.96,5.6,187.42,76.16,283.23,570.8,113.67,41.93,89.16,6.45,13.32,1.9,0.01,0,26.47,0.04,23.47,1.76,2.89,4.53,8.41,6.36,2.18,5.22,213.84,3.8,1.48,3.72,6.01,false
2026-04-07,3367.62,3.43,11.15,150.79,1332.68,1775.69,1.47,2.21,62.24,12.1,4.1,2.25,406.92,250.44,99.67,5.85,145.78,1336.56,2.51,14.94,501.34,10.95,2144.87,4608.01,165.36,1665.4,14.68,378.22,463.76,62.1,37.84,6.27,166.79,165.98,85.94,346.66,24.35,10.74,32.41,1.12,0.99,0.75,0.1,0.04,9.5,0.29,8.83,2.14,4.54,7.4,11.97,11.5,3.78,6.36,208.81,6.26,1.78,5.1,8.17,false
2026-04-08,4116.39,36.83,11.15,2281.21,2313.35,2335.12,2.94,2.85,73.6,16.31,5.09,4.28,719.42,257.35,205.27,14.82,774.18,1588.09,5.26,28.5,970.46,17,2746.24,9442.51,223.06,1298.56,21.04,409.34,504.61,84.77,44.47,15.47,152.09,161.23,93.89,320.06,30.9,13.79,26.49,0.47,1.38,1.15,0.25,0.07,10.8,0.29,10.5,2.59,5.66,9.54,15.03,14.82,4.73,8.74,266.83,8.39,2.48,6.38,10.53,false
2026-04-09,3378.88,1.72,13.94,2071.68,1760.32,2041.98,2.98,2.18,48.81,11,3.95,3.93,786.72,266.15,215.57,13.34,844.43,1756.7,4.15,27.05,950.72,16.92,2278.56,7770.67,161.04,1451.39,18.44,392.04,475.85,78.29,39.09,14.5,122.34,143.46,73.45,182.47,20.88,9.9,22.78,0.34,1.12,1.02,0.2,0.05,7.57,0.16,7.41,1.88,4.04,6.82,11.18,10.55,3.26,6.59,216.14,6.11,1.8,4.76,7.76,false
2026-04-10,4201.89,33.4,15.75,1624.87,1291.95,1362.35,1.98,2.49,20.36,5.9,2.02,5.58,610.48,124.49,341.36,18.02,1414.22,1851.76,1.52,16.15,625.08,12.45,1687.43,3451.49,150.76,5610.93,12.11,401.71,466.49,61.32,20.62,20.57,89.34,142.48,132.47,617.87,21.61,8.09,38.67,0.44,1.29,0.86,0.21,0.04,6.39,0.24,6.14,1.57,2.56,4.83,8.64,7.78,2.4,4.74,249.37,4.58,1.54,3.93,5.7,false
2026-04-11,3790.33,33.4,0,1548.9,1158.78,1318.59,2.47,2.18,38.26,5.76,2.47,5.37,362.02,168.2,174.06,14.82,697.01,1761.28,1.63,15.53,562.45,15.02,1691.7,3166.56,191.08,2431.6,16.3,439.42,507.89,52.25,27.61,9.57,144.99,150.49,82.9,248.51,17.09,10.61,26.89,0.67,1.35,1.1,0.16,0.05,8.74,0.15,8.57,1.29,2.58,3.78,7.36,6.63,2.36,4,201.88,3.77,1.34,3.28,4.44,false
2026-04-12,3730.28,0,0,1623.12,1845.54,1215.07,3.51,1.62,26.06,6.74,2.76,2.77,859.96,284.75,199.06,11.23,712.06,1196.91,2.29,18.5,656.87,9.53,1700.91,4435.73,87.43,2846.8,13.01,508.04,581.56,72.38,36.56,7.72,211.54,149.82,70.58,46.25,14.78,9.12,15.63,0.39,1.22,0.9,0.15,0.03,7.37,0.03,6.92,1.3,2.25,3.4,6.76,4.95,1.45,3.8,210.35,3.18,0.85,2.61,4.13,false
2026-04-13,3777.1,0,16.73,149.66,553.85,1201.68,2.36,1.67,18.12,6.79,2.4,4.19,652.94,165.02,137.53,6.68,84.14,1700.66,1.94,14.79,323.29,9.87,1405.91,3241.82,74.02,1909.94,14.62,486.49,567.7,76.64,20.31,7.6,83.37,174.73,77.53,232.8,15.1,6.76,21.07,0.63,0.72,0.56,0.01,0.02,6.63,0.13,4.98,1.12,2.48,3.49,6.84,6.73,1.82,3.85,233.09,3.56,1.07,2.92,4.1,false
2026-04-14,3759.87,0,11.15,157.33,1137.61,1177.38,2.52,1.74,18.71,7.34,2.46,3.67,690.09,220.28,98.51,6.59,103.66,1303.39,2.24,16.84,433.72,6.61,1672.24,3499.89,79.73,2581.43,16.1,471.79,551.62,74.41,28.74,8.62,134.17,133.59,78.5,224.64,15.73,8.57,17.75,0.56,0.57,0.42,0.01,0.02,7.5,0.13,6.95,1.39,2.7,3.78,7.82,6.9,1.97,4.29,234.88,3.84,1.15,3.24,4.51,false
2026-04-15,3599.21,0,16.73,156.49,847.09,1374.53,2.59,2.08,20.23,7.92,3.02,4.19,766.19,505.04,137.53,10.32,128.67,1430.69,2.02,16.5,365.35,10.98,1585.28,3630.08,81.71,2687.36,15.94,454.42,510.06,54.68,19.61,9.01,96.41,190.9,82.65,232.8,15.54,7.47,33.27,0.63,0.79,0.64,0.01,0.02,6.06,0.13,5.51,1.3,2.57,3.68,7.19,6.99,1.89,4.14,222.47,3.76,1.15,3.07,4.35,false
2026-04-16,3824.17,35.18,11.15,515.23,1501.89,1739.15,1.52,2.22,33.61,11.93,3.93,4.99,255.94,213.02,150.79,8.6,116.44,1802.66,2.38,12.97,535.38,13.74,1995.57,5724.75,133.81,1103.38,16.29,459.82,519.83,58.24,31.56,14.97,110.68,209.26,78.76,383.95,16.77,12.03,30.68,0.95,1,0.93,0.01,0.03,10.16,0.15,9.98,1.62,3.72,5.15,9.84,9.8,3.01,5.27,216.22,5.14,1.65,4.3,6.06,false
2026-04-17,3857.74,0,0,514.15,1700.96,1555.8,3.59,1.65,28.59,12.38,3.78,0.58,801.81,222.55,1.67,10.42,183.01,1334.05,3.05,19.92,542.75,15.82,1744.76,6134.2,88.84,2847.4,13.73,486.57,570.14,81.97,34.63,17.8,184.32,170.58,75.23,123.33,9.91,10.72,12.8,0.05,0.84,0.71,0.01,0.01,8.99,0.02,8.55,1.73,3.01,4.49,7.8,7.4,1.86,4.76,246.45,4.13,1.28,3.17,5.31,false
2026-04-18,3876.96,0,0,527.95,1863.68,1395.95,2.15,2.15,31.93,10.23,3.29,1.75,313.9,209.74,56.77,12.4,125.41,1910.1,2.69,17.42,641.73,12.75,2164.42,5327.72,137.5,4503.53,13.85,506.83,577.01,68.69,40.45,14.68,192.21,166.21,92.43,157.33,10.27,12.64,32.48,0.45,0.87,0.84,0.01,0.01,10.98,0.03,10.93,1.66,3.28,4.68,8.73,7.39,2.34,4.95,202.66,4.14,1.41,3.9,5.74,false
2026-04-19,3851.23,28.27,0,2094.16,2465.84,2001.76,2.75,2.68,54,12.73,4.93,4.89,580.06,381.57,123.8,14.34,733.95,1088.67,2.79,18.36,825.49,11.31,2310.34,6586.34,190.42,1217.37,17.4,486.51,548.95,60.92,40.03,15.68,191.85,151.92,68.34,314.4,18.53,16.57,18.62,0.16,1.21,0.96,0.16,0.05,14.32,0.16,14.14,2,4.13,5.77,11.15,10.73,3.41,5.94,213.65,5.87,1.76,4.72,6.78,false
2026-04-20,3803.3,39.76,0,614.08,2112.45,1675.6,1.62,1.99,36.02,10.85,3.85,2.78,307.51,194.25,15,9.53,182.89,1381.1,2.7,17.21,622.24,14.01,1967.77,5631.11,119.79,1104.71,17.42,492.56,556.76,63.08,45.26,14.04,162.38,205.26,60.57,294,14.68,16.22,16.79,0.15,0.87,0.82,0.01,0.02,14.49,0.14,14.33,1.81,3.6,4.7,9.65,8.78,2.82,5.06,208.69,4.91,1.48,3.96,5.61,false
2026-04-21,3985.74,0,256.58,618.5,1725.32,2203.01,2.23,2.95,42.41,13.87,4.29,5.34,352.85,244.09,207.62,11.88,176.26,1581.41,2.85,19.06,800.35,16.75,2550.15,6747.71,158.1,4030.62,20.43,497.39,565.24,65.42,35.01,16.36,167.07,199.21,92.17,334.3,16.04,14.67,26.17,14.75,0.89,0.83,0.01,0.02,12.57,0.15,12.41,2.14,3.96,5.63,10.8,10.52,3.19,5.94,240.27,5.6,1.77,4.66,6.74,false
2026-04-22,3895.24,0.05,105.98,167.42,1247.48,1428.88,1.88,2.55,28.7,7.72,2.77,6.59,263.14,159.45,159.7,9.6,163.42,1405.06,2.04,18.55,560.19,14.14,2160.22,3422.67,163.22,2882.54,21.86,519.82,571.98,50.19,22.7,9.97,131.57,162.23,86.38,408.3,23.93,13.9,27.01,14,0.93,0.85,0.01,0.04,12.22,0.24,11.97,1.97,3.29,4.42,9.39,9.08,2.97,5.03,220.83,4.73,1.61,4.11,5.33,false
2026-04-23,3939.45,28.27,105.98,156.72,1083.11,1426.26,1.67,2.54,30.91,8.02,2.63,6.41,280.13,135.15,154.9,6.15,90.74,1360.15,1.73,16.33,568.58,13.81,2167.26,2943.67,161.63,3044.63,21.4,446.57,487.29,40.24,17.42,8.44,121.07,101.53,97.31,396.33,21.82,12.52,29.91,13.76,0.82,0.74,0.01,0.04,11.17,0.24,10.92,1.89,3.17,4.28,9.13,8.89,2.9,4.85,233.28,4.58,1.55,4,5.14,false
2026-04-24,5275.63,58.68,111.56,1569.2,2231.52,1380.79,2.98,1.53,23.91,6.29,1.88,4.15,334.65,123,268.86,8.21,681.26,1282.34,1.92,15.97,695.9,16.4,1812.39,3580.34,132.69,5774.26,12.63,580.35,632.71,51.91,27.92,14.67,182.38,222.12,159.73,53.94,11.05,8.17,71.62,0.3,1.08,0.88,0.15,0.03,6.83,0.03,6.8,1.43,1.86,3.19,5.93,4.83,1.58,3.46,232.31,2.79,0.95,2.57,4,false
2026-04-25,4620.2,0,0,82.57,101.67,989.01,3.09,1.85,22.03,5.92,2.5,3.6,674.66,195.05,70.48,8.23,53.47,1056.42,1.51,13.96,190.8,2.22,1130.01,2977.05,67.45,2709.38,11.79,558.72,609.13,49.57,8.44,3.2,76.06,255.82,168.16,292.28,34.68,17.5,86.71,0.52,0.53,0.37,0.01,0.02,3.8,0.13,3.25,0.9,2.26,2.97,5.88,6.19,1.62,3.29,181.53,3.13,0.92,2.55,3.43,false
2026-04-26,3621.75,0,0,216.63,1118.01,1649.45,3.35,2.56,21.44,7.29,3.22,4.5,771.19,340.98,94.13,12.94,201.81,1827.93,2.6,20.02,427.35,12.4,1961.18,4165.6,93.68,2451.83,18.98,448.37,515.52,65.68,27.85,10.22,118.98,164.94,95.43,284.67,23.62,11.52,33.69,0.78,1.22,1.08,0.01,0.02,9.44,0.12,8.9,1.74,3.38,4.45,8.75,8.76,2.33,5.12,198.74,4.28,1.36,3.97,5.55,false
2026-04-27,4487.55,47.88,0,100.53,1005.48,1059.96,2.96,1.87,19.32,6.6,2.41,3.46,677.8,191.85,108.9,8.51,101.3,1190.16,1.96,18.75,343.1,12.23,1513.43,3297.58,91.05,1511.31,15.42,537.19,597.25,59.26,20.57,9.66,120.83,246.28,121.5,214.32,16.99,9.32,62.56,0.4,1.02,0.87,0.01,0.02,7.71,0.13,7.16,1.48,2.45,3.4,6.72,6.51,1.77,3.92,182.96,3.48,1.1,2.8,4.02,false
2026-04-28,3985.86,0,105.98,122.89,956.51,1270.95,3.45,2.11,23.14,8.63,2.63,4.33,718.51,196.61,141.43,8.36,94.43,1370.99,2.41,21.68,543.48,15.26,2050.49,3786.77,120.02,2651.69,19.86,514.04,588.55,69.84,23.68,10.8,171.8,171.8,85.77,239.57,16.17,8.52,27.24,14,0.78,0.62,0.01,0.02,7.1,0.14,6.54,1.9,2.94,4.33,8.51,7.91,2.19,4.95,233.45,4.26,1.37,3.6,5.21,false
2026-04-29,4019.27,31.68,112.58,119.86,930.17,1841.65,3.16,2.35,21.01,7.62,3.06,4.53,723.92,225.99,107.6,8.92,140.28,2040.48,2.39,18.03,419.24,12.46,1749.47,4099.41,95.42,1820.02,17.7,510.31,583.94,72.52,24.49,10.33,125.2,165.47,77.43,284.12,19.02,8.79,25.54,0.76,1.05,0.9,0.01,0.02,7.35,0.13,6.44,1.59,3.14,4.14,8.18,8.05,2.17,4.75,217.62,4.04,1.31,3.59,5.05,false
2026-04-30,4014.15,28.27,200.81,116.36,1562.21,1822.4,3.72,2.8,29.8,9.98,3.23,4.97,782.13,198.77,184.41,8.95,138.6,1537.9,2.6,22.05,622.92,14.98,2271.72,4544.02,120.26,2770.77,19.42,473.34,540.56,66.12,26.84,13.63,166.65,131.11,84.36,248.55,18.22,10.72,23.73,0.69,0.89,0.73,0.01,0.02,9.13,0.14,8.57,1.92,3.09,4.51,8.85,8.23,2.3,5.12,238.89,4.44,1.44,3.77,5.42,false
2026-05-01,3852.66,0,105.98,63.72,654.04,1197.19,1.27,2.23,27.66,7.01,2.36,7.05,170.64,142.75,161.83,6.31,60.12,1379.81,1.38,13.83,443.97,12.1,1929.98,2451.1,160.61,3089.79,20.82,499.02,531.7,32.35,13.37,5.73,97.01,157.33,99.78,453.85,23.41,12.23,33.33,13.81,0.79,0.69,0.02,0.04,7.92,0.27,7.64,1.73,3.32,4.41,9.47,9.43,3.08,4.91,252.23,4.75,1.61,4.19,5.23,false
2026-05-02,4115.61,24,6.08,101.68,833.18,1371.86,2.61,2.02,27.3,6.04,2.49,3.36,535.34,206.69,67.36,15.81,101.36,1407.22,2.28,19.08,338.32,11.08,1595.14,3046.83,112.68,2132.99,15.74,491.89,550.38,57.79,16.77,7.61,150.95,172.68,119.11,293.48,29.36,14.79,59.8,0.54,0.87,0.61,0.01,0.02,6.79,0.13,5.91,1.43,2.54,3.62,7.12,6.54,1.93,4.11,185.12,3.64,1.15,3.01,4.21,false
2026-05-03,3304.08,0,0,192.01,870.82,1873.04,2.67,3.6,21.7,8.12,3.29,6.16,750.06,219.9,293.61,12.86,650.96,1774.35,2.6,20.75,511.1,6.19,2136.26,5160.87,125.77,2217.54,17.92,358.8,425.92,59.52,21.93,7.44,111.23,113.7,107.04,780,30.94,10.87,41.29,0.79,1.21,0.82,0.06,0.02,7.35,0.31,6.28,1.69,3.44,5.35,10,9.64,2.85,5.96,179.98,5.13,1.46,4.68,6.71,false
2026-05-04,3470.74,0,111.56,186.95,884.3,1822.52,2.56,3.1,21.82,8.37,3.26,6.62,693.56,215.38,313.62,12.83,674.33,1959.73,2.72,21.98,586.56,12.43,2196.23,5127.37,128.43,1912.53,19.15,392.45,456.04,61.5,22.93,9.15,119.03,139.63,97.7,750.46,27.85,10.52,37.8,0.77,1.38,0.99,0.06,0.02,8.35,0.32,7.27,1.79,3.4,5.24,9.84,9.61,2.74,5.78,210.09,5.13,1.56,4.64,6.38,false
2026-05-05,4179.09,0,105.98,161.79,723.3,1717.87,2.43,2.95,21.31,7.79,3.2,6.1,684.56,218.41,274.6,12.83,671.99,1707.04,2.54,20.62,537.69,10.4,2006.77,4902.37,121.19,2096.41,17.74,469.64,538.44,66.46,21.1,8.16,107.97,213.1,143.53,742.3,26.89,9.91,75.97,0.7,1.32,0.93,0.06,0.02,7.8,0.32,6.73,1.68,3.25,4.96,9.31,9.19,2.61,5.47,205.83,4.89,1.48,4.39,6.02,false
2026-05-06,3705.86,28.27,175.7,230.08,1194.84,2189.9,2.66,2.96,28.63,8.6,3.34,5.26,680.13,261.66,226.55,10.5,445.46,1719.06,2.77,20.94,669.3,12.56,2167.77,5255.79,100.98,1529.96,18.58,428.8,503.88,69.3,36.02,10.31,135.23,153.34,88.18,468.49,21.65,10.7,33.2,0.56,1.23,0.91,0.03,0.02,8.78,0.22,7.81,1.6,3.05,4.48,8.97,8.15,2.33,5.03,195.8,4.49,1.29,3.93,5.45,false
2026-05-07,3859.29,63.36,11.15,212.61,718.93,2079.13,2.38,3.38,20.53,8.42,3.74,6.75,843.47,250.6,302.15,15.89,910.32,1529.09,2.94,22.75,610.92,5.58,2276.16,5766.2,133.36,2144.35,19.37,358.72,436.88,68.71,30.12,7.93,124.46,104.28,112.16,1011.82,32.7,11.14,41.62,0.8,1.32,0.86,0.08,0.03,8.95,0.41,7.78,1.82,3.76,5.75,10.97,10.38,3.07,6.35,190.37,5.69,1.68,5.25,7.04,false
2026-05-08,3806.31,0,100.4,235.57,250.64,2295.8,2.83,3.44,25.28,9.82,4.06,6.6,856.76,304.73,235.57,15.05,810.41,1596.49,3.28,22.28,712.36,8.41,2387.02,6984.98,136.46,4063.2,20.69,388.08,466.52,70.94,27.75,8.88,128.23,113.87,124.34,768.94,27.92,9.37,39.67,11.93,1.47,1.08,0.06,0.02,6.74,0.31,5.68,1.87,3.74,5.8,10.72,10.4,2.94,6.27,232.55,5.63,1.7,4.99,7.13,false
2026-05-09,4777.94,0,0,147.03,949.11,1439.62,2.05,2.88,24.53,6.13,2.28,4.05,565.6,365.33,98.7,23.14,175.73,1224.72,1.32,15.06,353.81,3.33,1401.72,3546.47,95.5,5570.34,11.92,552.91,583.28,27.73,19.1,5.87,112.44,250.43,198.14,309.53,22.54,7.88,105.79,1.57,1,0.94,0.01,0.02,6.11,0.13,5.97,1.16,2.22,3.18,6.7,5.2,1.92,3.58,178.99,3.17,0.99,2.81,3.73,false
2026-05-10,3708.73,24,6.08,170.51,1246.49,1262.01,1.24,2.19,16.43,5.76,2.12,2.71,416.4,214.9,119.58,18.13,142.98,1818.2,1.62,10.43,402.67,4.21,1581.17,3437.27,130.87,3096.33,12.19,351.29,393.95,41.85,30.39,7.45,143.92,149.97,139.79,166,41.63,15.73,48.67,1.34,1.46,1.42,0,0.01,12.84,0.03,12.24,0.89,1.89,2.96,6.07,3.76,1.48,3.29,197.75,2.87,1.14,2.62,3.67,false
2026-05-11,3907,0,111.56,94.29,845.75,1406.42,1.02,2,19.94,5.76,2.1,5.38,208.44,205.72,189.79,7.74,76.23,1626.07,1.57,10.77,401.94,10.14,1736.88,2914.37,157.13,3833.27,15.61,473.76,532.05,50.35,24.25,10.11,111.76,138.79,113.32,291.49,19.06,8.27,44.44,1.07,0.78,0.73,0.01,0.02,6.82,0.14,6.13,1.28,2.58,3.78,7.74,6.68,2.2,4.19,206.22,3.79,1.33,3.34,4.56,false
2026-05-12,3981.92,0,111.56,124.6,1214.15,1235.64,1.48,2.3,21.94,7.36,2.24,5.69,239.31,194.38,196.19,7.93,67.77,1839.3,1.85,15.92,598.97,13.8,2355.28,3576.62,183.15,4428.44,20.87,469.81,526.97,55.3,26.77,8.14,194.21,146.35,108.51,326.69,21.78,9.76,41.24,13.65,0.96,0.9,0.01,0.03,8.02,0.14,7.34,1.82,3.1,4.6,9.66,7.59,2.59,5.21,236.1,4.47,1.57,4.09,5.64,false
2026-05-13,4491.35,0,23.78,208.02,2616.7,1233.87,2.17,1.88,18.85,7.49,1.77,2.6,416.97,72.21,96.93,17.65,162.25,2205.41,2.59,17.45,630.91,19.4,2005.7,3871.79,95.51,2746.53,17.9,451.15,520.22,68.43,44.02,15.05,166.11,251.89,199.32,124.73,53.1,22.78,81.24,1.84,1.6,1.57,0,0.01,19.76,0.01,19.72,1.35,1.91,3.46,6.83,4.12,1.57,3.97,200.2,3.03,1.16,3.13,4.4,false
2026-05-14,4527.14,79.52,2.8,102,1151.6,1292.11,1.07,2.22,19.57,5.49,2.11,5,245.22,201.51,134.63,9.31,99.46,1803.14,1.83,13.01,443.83,11.35,2064.13,3044.97,164.37,3076.07,18.62,519.96,572.09,45.96,30.86,9.32,147.83,253.26,116.39,381.23,31.07,12.39,52.09,2.06,1.4,1.33,0.01,0.03,10.1,0.15,9.39,1.56,3.03,4.25,8.97,7.25,2.46,4.85,182.41,4.11,1.46,3.89,5.25,false
2026-05-15,4631.73,0,0,82.78,211.62,1043.57,0.71,2.76,13.46,5.69,1.65,6.48,267.52,226.49,306.52,9.65,217.41,1200.19,0.87,8.87,186.15,1.4,1364.3,2461.48,123.96,6390.17,11.45,409.14,446.51,36.61,13.75,3.36,6.75,176.76,227.62,1056.08,20.73,9.86,101.98,1.02,0.91,0.78,0.08,0.03,8.38,0.43,7.93,1.3,2.57,3.83,7.35,7.31,2.48,4.05,203.74,3.81,1.17,3.49,4.52,false
2026-05-16,3370.56,32,8.11,111.87,845.51,2284.89,2.81,1.8,23.55,6.59,2.65,1.3,422.81,268.42,113.05,24.63,193.75,1672.3,2.92,20.51,539.93,14.81,1638.26,5569.37,136.11,3336.23,12.92,346.34,404.58,56.48,26.39,10.94,160.13,147.5,114.18,67.25,28.21,12.72,47.75,0.79,1,0.95,0,0,11.31,0.02,9.84,1.15,1.42,2.35,4.37,2.84,0.9,2.9,151.88,2.11,0.87,1.79,2.88,false
2026-05-17,4401.38,27,0,85.98,364.74,1041.11,2.19,2.33,19.64,5.39,2.66,3.79,1177.76,121.22,163.37,14.21,205.37,1932.71,3.65,46.33,714.79,8.44,1797.19,6868.69,116.29,5376.46,18.83,444,512.75,67.71,18.61,5.14,39.44,179.58,152.96,214.36,28.15,12.93,63.93,0.45,0.83,1.2,0.01,0.02,10.79,0.13,10.65,1.38,3.26,4.61,9.05,8.4,2.31,5.51,211.45,4.8,1.5,3.59,5.44,false
2026-05-18,3770.82,0,105.98,166.77,917.73,927.4,2.18,2.12,49.47,8.78,3.65,8.61,318.09,174.91,731.53,27.73,101.08,2347.02,2.61,17.67,679.35,15.6,3571.59,5195.08,283.63,3496.88,19.29,379.44,427.7,47.95,22.6,11.32,261.34,85.88,149.61,255.51,52.99,27.85,47.04,1.63,2.67,2.71,0.93,0.52,22.05,0.02,21.56,1.6,3.47,5.37,9.92,8.72,2.73,5.63,188.36,4.52,1.61,4.66,6.71,false
2026-05-19,4008.18,0,105.98,100.14,701.71,1161.11,2.15,2.25,38.41,8.44,2.95,7.92,682.22,62.41,729,10.46,134.6,2186.84,3.09,31.98,756.36,14.69,3051.68,6316.04,196.2,4101.9,17.28,419.69,476.48,56.46,16.31,8.37,129.65,196.71,148.19,245.72,38.55,23.1,53.04,1.89,2.59,2.83,0.93,0.53,17.15,0.01,17.2,1.27,2.82,4.68,8.35,7.72,2.23,4.79,203.97,4.18,1.25,3.57,5.59,false
2026-05-20,3823.91,0,105.98,135.58,780.35,1423.92,2.32,2.13,43.76,8.16,2.86,8.19,784.85,270.76,724.98,12.67,171.92,2691.46,3.5,34.9,852.21,16.88,3504.68,6781.72,218.38,3813.6,20.86,423.68,503.39,73.06,30,11.72,133.45,209.17,122.51,239.1,31.63,12.48,52.41,1.43,1.22,1.46,0.93,0.52,8.16,0.02,8.19,1.59,3.66,5.61,10.33,9.73,2.75,5.99,198.05,4.85,1.54,4.66,6.94,false
2026-05-21,4086.95,19.2,11.15,201.61,913.14,1808.53,2.33,2.28,53.8,11.35,4.25,11.25,312.57,158.97,718.01,17.66,188.68,1587.44,3.1,19.38,639.51,13.73,3202.84,6778.39,189.29,3177.44,21.9,358.58,408.79,49.42,26.56,12.89,186.94,139.88,179.64,359.94,60.28,22.23,73.75,6.61,2.67,1.81,0.93,0.52,15.5,0.01,13.75,1.04,2.18,3.64,6.38,6.15,1.87,3.54,197.34,3.23,1.03,2.98,4.49,false
2026-05-22,3541.6,0,105.98,146.24,794.1,1561.31,1.82,1.65,44.47,6.89,2.82,7.82,324.74,125.89,711.92,13.24,186.73,1443.05,2.04,17.51,564.76,13.78,2578.85,4830.58,179.56,2976.07,12.43,357.79,408.41,49.5,20.8,8.05,125.38,193.18,142.95,143.32,36.98,18.89,58.67,0.61,1.57,1.6,0.93,0.52,14.88,0.03,14.6,0.99,2.01,3.22,5.88,5.42,1.68,3.35,177.9,2.91,0.87,2.66,3.84,false
2026-05-23,3253,0,111.56,104.09,751.83,921.82,0.94,1.73,9.64,5.5,0.96,4.47,178.6,23.79,297.86,14.08,59.84,1208.74,0.91,11.05,290.15,9.08,1157.05,2220.96,88.26,2832.02,8.08,279.16,306.74,26.83,14.47,6.35,55.99,164.31,172.53,654.21,23.11,24.27,80.66,1.01,1.03,0.94,0.06,0.01,23.09,0.26,22.8,0.99,1.27,2.46,4.37,3.48,1.22,2.66,132.2,2.16,0.65,2.04,2.95,false
2026-05-24,4215.74,14.4,0,180.16,710.02,716.5,2.42,2.54,31.87,6.44,2.43,5.09,527.68,130.05,89.76,33.07,92.1,1633.19,1.64,25.35,289.84,3.43,1558.67,3534.27,175.7,4007.09,29.04,494.37,523.1,28.38,9.54,7.31,246.17,102.91,162.64,316.68,53.69,38.22,50.54,2.04,2.09,2.04,0.01,0.02,35.65,0.14,34.81,1.35,2.78,4.2,8.28,6.79,2.38,4.67,140.55,4.05,1.42,3.63,5.06,false
2026-05-25,3899.58,19.51,0,75.72,497.88,692.12,0.72,1.78,17.39,4.38,1.97,4.29,104.98,77.78,213.62,19.71,37.55,696.75,1.14,9.78,176.13,2.2,947.01,2938.33,58.84,2486.3,7.83,411.94,430.73,18.59,6.3,5.75,59.5,182.79,178,236,33.09,22.33,84.55,0.68,1.66,1.62,0.01,0.02,20.28,0.13,20.14,0.61,1.43,1.76,3.89,4.3,1.32,2.05,114.41,2,0.63,1.77,2.06,false
2026-05-26,3701.01,19.75,105.98,208.39,2123.66,1749.97,2.56,1.85,14.98,6.45,2.34,3.54,380.72,233.14,208.92,13.95,177.43,1511.26,2.18,23.45,562.27,16.48,1799.18,5389.93,79.49,3904.78,12.93,378.53,455.72,76.45,31.31,14.99,129.68,132.99,117.7,130.72,21.58,28.84,32.62,0.59,2.75,2.73,0.01,0,25.16,0.05,25.06,1.36,1.41,2.54,4.65,3.57,1.15,2.94,204.04,2.3,0.79,2.08,3.27,false
2026-05-27,3312.55,0.26,5.58,221.93,1286.48,1497.51,2.21,1.35,18.87,6.3,2.62,3.65,330.93,236.25,71.02,17.92,143.12,1586.17,2.01,20.42,420.89,12.42,1342.57,5546.1,49.33,1903.32,13.23,334.41,412.95,73.88,30.31,13.44,99.8,145.53,117.52,146.16,38.15,17.08,42.98,3.17,1.83,1.37,0,0,13.76,0,12.85,0.8,0.84,1.49,2.6,2.03,0.64,1.72,188.49,1.43,0.48,1.18,1.89,false
2026-05-28,3763.68,0,105.98,138.28,847.81,1367.8,1.86,2.26,19.81,6.8,2.14,5.92,247.82,185.03,193.62,9.8,143.12,1674.32,1.44,20.4,388.43,10.27,1710.22,4156.89,153.38,2362.61,14.54,448.18,517.26,67.16,19.67,9.2,124.36,111.51,110.7,329.93,33.26,25.02,31.97,1.46,2.73,2.69,0.01,0.02,21.6,0.16,20.85,1.32,2.52,3.95,7.76,6.82,2.17,4.22,197.62,3.88,1.23,3.3,4.85,false
2026-05-29,3290.57,0,105.98,142.75,773.73,1715.03,2,2.36,21.01,7.37,2.18,4.66,337.92,376.03,201.61,10.66,361.12,1894.69,1.2,20.54,418.38,23.93,1656.82,5219.63,81.94,1348.94,16.49,430.62,504.32,73.03,32.79,9.2,47.89,196.86,48.88,190.32,14.15,10.12,11.28,0.35,1.33,1.3,0.01,0.02,8.19,0.12,8.07,2.34,3.22,6.14,12.22,11.46,2.96,5.25,238.01,6.44,2.37,4.06,6.65,false
2026-05-30,3742.6,0,4,71.61,725.2,567.92,2.28,1.97,20.16,4.55,0.81,2.43,633,19.47,32.3,29.38,53.39,1742.62,1.17,23.96,306.31,10.38,1212.48,1890.25,177.61,2989.18,10.98,556.08,591.27,35.14,8.9,3.89,199.75,253.71,101.46,94.8,10.17,11.11,61.96,1.69,0.69,0.68,0,0,10.27,0.01,9.6,1.23,1.81,3.35,6.06,3.36,1.43,3.72,127.96,2.69,0.98,2.43,4.09,false
2026-05-31,4342.94,85.35,0,161.77,335.59,1844.21,2.6,2.23,49.87,7.87,3.67,4.75,442.36,292.26,148.5,22.25,205.58,648.36,2.08,20.44,528.07,6.84,1528.95,5566.11,172.94,3217.54,12.29,463.47,528.17,62.89,21.39,8.54,138.76,133.54,105.98,185.5,24.5,16.03,37.19,0.2,1.55,1.24,0.2,0.05,13.92,0.14,12.86,1.12,2.33,3.09,6.3,6.06,2.05,3.35,198.15,3.33,1.03,2.68,3.67,false
2026-06-01,3878.02,2.2,100.4,106.85,668.86,1785.76,1.92,2.31,20.02,6.15,2.38,3.81,315.7,284.81,102.31,9.53,269.79,1423.89,1.49,20.19,366.97,9.52,1362.97,4841.37,74.35,3894.94,11.66,494.82,578.31,78.12,24.85,9.58,45.4,154.75,95.22,208.86,14.17,6.99,32.34,0.36,0.77,0.6,0.01,0.02,5.66,0.11,5.43,1.05,1.75,2.56,5.17,5.1,1.52,2.8,209.38,2.75,0.86,2.28,3.03,false
2026-06-02,4073.19,33.75,105.98,114.89,816.49,1295.09,2,2.2,36.13,7.25,2.56,7.48,681.01,153.94,269.53,12.25,81.29,1816.04,2.56,25.13,653.26,14.39,2108.35,5123.33,199.69,3056.59,19.62,428.04,479.97,50.7,22.66,10.06,136.59,167.05,117.92,254.4,13.97,12.47,60.54,1.14,1.33,0.86,0.2,0.05,10.71,0.15,10.33,1.68,3.55,5.42,10.37,9.82,2.96,5.74,222.45,5.28,1.61,4.37,6.51,false
2026-06-03,4109.49,0,100.4,262.85,941.55,2104.33,2.23,2.3,30.79,8.92,4.59,4.42,855.12,307.04,94.51,26.8,190.12,1627.86,3.59,27.91,748.4,13.36,2127.48,9465.14,101.2,3832.18,18.9,502.6,567.79,64.33,32.55,11.78,194.1,171.67,119.35,220.64,35.44,26.75,32,1.19,1.81,1.59,0.01,0.02,23.69,0.11,23.35,1.44,3.03,4.49,8.55,8.21,2.34,5.06,214.01,4.58,1.39,3.66,5.6,false
2026-06-04,3688.36,0,100.4,101.31,677.08,834.21,1.51,1.83,12.67,6.58,1.91,4.38,658.27,131.7,82.01,11.96,68.76,1882.74,2.37,19.27,562.86,12.21,1890.2,4738.95,136.75,3257.24,15.62,445.09,490.85,45.47,14.94,7.59,181.03,208.8,127.44,130.24,20.59,14.13,64.26,2.23,1.54,1.35,0,0,12.11,0,11.34,1.29,2.69,4.82,8.67,6.82,1.96,5.04,149.12,4.22,1.34,3.58,6.11,false
